Region,STCO_FIPS,PD
1,4003,4.066017014
2,4009,2.737172062
3,4012,1.779002792
4,4015,2.776173516
5,4023,4.166888476
6,5005,0.75531501
7,5023,0.046419417
8,5025,-0.984058793
9,5027,0.552976622
10,5037,-0.003513103
11,5043,-0.588006423
12,5051,1.074859999
13,5059,-0.149210513
14,5067,-0.996618099
15,5081,-0.315308162
16,5087,0.426565088
17,5097,-0.067984922
18,5109,-0.44929863
19,5111,0.794595361
20,5123,-0.894771963
21,5129,0.100399046
22,5135,-0.698965774
23,5139,-0.303318577
24,8053,0.020081462
25,8061,0.641659999
26,8073,0.674490641
27,8079,-0.316915561
28,8085,1.700600005
29,8095,-0.498103999
30,8101,2.126989086
31,8105,0.666857083
32,8115,-0.322682861
33,8121,0.159081808
34,9013,0.927404522
35,9015,0.824287939
36,12005,0.442736345
37,12013,-0.414078011
38,12019,0.559979947
39,12033,1.059946713
40,12041,-0.125224931
41,12049,-0.589808968
42,12055,0.215819181
43,12067,-0.457860811
44,12077,-0.204016628
45,12081,0.643521564
46,12083,0.650599451
47,12087,0.768398647
48,12099,0.964368493
49,12107,0.095107099
50,12123,-0.20256946
51,12133,0.133786533
52,13009,-0.062613737
53,13019,-0.328342561
54,13035,0.743005098
55,13043,-0.668558449
56,13047,0.256769957
57,13055,0.149294136
58,13071,-0.616877744
59,13075,-0.153884368
60,13081,-0.51892412
61,13093,0.409784127
62,13101,-1.476723477
63,13109,-1.061009446
64,13119,-0.069706098
65,5141,-0.493451426
66,5143,1.237676577
67,5147,-1.212330295
68,6011,1.705671461
69,6021,1.444989804
70,6031,0.586206497
71,6043,1.831301604
72,6049,1.665962623
73,6067,1.844099694
74,6071,3.605512019
75,6083,2.445084435
76,6089,2.194519911
77,6107,2.450863245
78,8001,1.274296997
79,8003,0.4811013
80,8011,0.738358796
81,8013,2.237085044
82,8014,0.724109554
83,8025,0.374043365
84,8039,0.471713304
85,8047,0.158073351
86,1001,0.391531354
87,1003,1.333052396
88,1007,0.504184658
89,1011,0.285083648
90,1021,-0.014394165
91,1031,-0.484463104
92,1037,-0.145707612
93,1045,-0.092326608
94,1055,0.228473155
95,1059,-0.544595251
96,1075,-0.468152541
97,1087,0.427526798
98,1093,-0.811529824
99,1103,0.644397526
100,1111,-0.303062247
101,1119,0.308510351
102,1131,-0.388290875
103,17069,0.472308411
104,17079,0.059604693
105,17081,0.6521977
106,17087,1.070071631
107,17093,1.065412109
108,17099,0.843409091
109,17103,0.626080711
110,17109,0.377131551
111,17115,0.501094165
112,17121,0.407517154
113,17129,0.990077547
114,17135,0.386196021
115,17141,0.609942034
116,17147,1.000087865
117,17155,0.641980535
118,17159,-0.60317153
119,17165,1.002815932
120,17171,0.159890129
121,17175,-0.317354574
122,17187,-0.287791048
123,17189,0.107423349
124,17197,1.339763753
125,18001,-0.080729584
126,18007,0.33734151
127,18011,0.818357582
128,18017,-0.461674168
129,18023,0.113682165
130,18031,0.227469558
131,18035,0.453736688
132,18041,0.584521534
133,18047,0.212189077
134,18049,-0.338355475
135,18053,0.360501031
136,18055,1.103601766
137,18065,0.24424095
138,18069,0.127146172
139,18075,-0.058303413
140,18081,0.964157905
141,18085,0.912492281
142,18093,0.589107118
143,18095,0.692273873
144,18101,0.43719157
145,18107,0.6357902
146,18113,0.47641973
147,18117,0.935454016
148,18127,1.26887743
149,18131,-0.370064363
150,18133,0.890376669
151,18139,-0.505839357
152,18145,-0.134097213
153,18157,1.191126764
154,18159,-0.409502264
155,18167,0.92944791
156,18177,0.544960149
157,18179,-0.014210001
158,19001,-0.813272197
159,19007,-0.200656314
160,19013,0.646714425
161,19017,0.280688027
162,19021,-0.372380734
163,19027,-0.254833819
164,19031,-0.23918981
165,19035,-0.651811774
166,19039,-1.224857613
167,13125,-0.762219996
168,13127,0.811387621
169,13131,-0.437752972
170,13143,-0.686108598
171,13149,-0.319450563
172,13155,-0.839196992
173,13163,-0.093198943
174,13171,0.306901541
175,13177,0.201674205
176,13189,-0.132711892
177,13199,0.005353861
178,13217,0.42087888
179,13223,0.298990494
180,13227,0.1595292
181,13233,-0.259291119
182,13243,-0.768573627
183,13249,0.167753917
184,13261,0.110371742
185,13273,-1.320429197
186,13277,-0.046919819
187,13285,0.012736068
188,13295,0.264461077
189,13307,-1.259193612
190,13311,0.073305357
191,13315,-1.24079048
192,16009,0.486977195
193,16019,0.807447865
194,16025,-0.294738768
195,16041,-0.765665644
196,16045,0.419050234
197,16049,0.798632683
198,16057,1.223480294
199,16059,0.636597857
200,16067,-0.057072708
201,16081,0.161246763
202,17005,0.487601154
203,17007,0.63927467
204,17009,0.628825542
205,17019,1.220653649
206,17025,-1.233862039
207,17029,0.960892137
208,17035,-0.210902329
209,17037,0.951075228
210,17041,0.315910292
211,17049,0.13140865
212,17053,0.232669679
213,17065,-0.329858621
214,20209,0.89981097
215,21001,-0.091481092
216,21005,0.125051587
217,21021,-0.109495611
218,21029,0.602879373
219,21035,0.760786834
220,21045,-0.15549142
221,21053,-0.95131002
222,21061,0.571810486
223,21073,0.69112848
224,21081,-0.532108755
225,21083,0.10194406
226,21097,-0.302537506
227,21103,-0.409800539
228,21113,0.574680223
229,21129,-0.716252854
230,21137,0.403900843
231,21141,0.709467137
232,21149,-0.548913036
233,21157,0.911951445
234,21165,-0.158969094
235,21169,-0.123892205
236,21179,0.454660201
237,21189,-0.78049641
238,21195,-0.747299875
239,21201,-0.412678091
240,21215,0.056130401
241,21227,0.977402692
242,21237,-0.299860416
243,22003,0.109138459
244,22013,-0.374535407
245,22027,0.727246626
246,22037,0.100849654
247,22047,0.675496445
248,22059,0.478160307
249,22073,0.847288023
250,22075,0.362053909
251,22087,0.116377294
252,22089,-0.093805562
253,22105,0.488325985
254,22111,0.493137527
255,19041,-0.284532975
256,19043,-0.058083989
257,19047,-0.416354855
258,19055,-0.534360053
259,19063,-0.277246286
260,19065,-0.200051684
261,19069,-0.371222793
262,19075,-0.448057448
263,19079,-0.112983846
264,19087,-0.353998106
265,19091,-0.514261854
266,19095,-0.135163018
267,19101,0.314605421
268,19105,-0.226132952
269,19113,0.715084863
270,19117,0.00989199
271,19121,0.431853102
272,19123,-0.210868908
273,19131,-1.274952478
274,19135,-0.855590521
275,19141,-0.692177262
276,19147,-0.379932531
277,19151,-0.39260988
278,19157,-0.114375455
279,19159,-0.383406971
280,19165,-0.628421486
281,19169,0.980021195
282,19175,-0.034387038
283,19179,-0.469301694
284,19183,0.252338326
285,19195,-0.828906193
286,19197,-0.58323691
287,20001,0.74432599
288,20013,0.414922594
289,20017,0.330491292
290,20025,-0.038852681
291,20027,-0.025604978
292,20029,-0.713057077
293,20031,0.35627208
294,20033,0.023567596
295,20041,-0.410583652
296,20047,-0.48162044
297,20049,-0.133625829
298,20055,0.047402065
299,20063,-0.754141833
300,20067,-0.762356799
301,20073,-0.37380403
302,20077,-0.085781364
303,20083,-0.197435479
304,20093,-0.740317803
305,20095,0.258292912
306,20101,-1.074804218
307,20105,-0.728037493
308,20109,-0.675815033
309,20117,-0.087441391
310,20131,-0.013199079
311,20139,0.929189597
312,20151,0.712458631
313,20155,0.890345252
314,20163,-0.693161558
315,20165,-0.370127369
316,20169,0.491687822
317,20177,1.431115557
318,20185,0.572368024
319,20189,-0.642040366
320,20193,-0.764872798
321,20199,-1.124617197
322,20205,-0.118257028
323,26057,0.575338046
324,26059,0.946152827
325,26061,0.112521782
326,26065,0.977621613
327,26067,0.701525474
328,26069,0.485274708
329,26073,0.624346762
330,26077,0.934466264
331,26083,0.113480374
332,26085,-0.028205295
333,26093,0.951722703
334,26097,-0.079779996
335,26103,0.421435811
336,26107,0.156902244
337,26109,-0.117378737
338,26111,0.648961548
339,26117,0.311491011
340,26123,0.260742195
341,26129,0.137556969
342,26133,0.034199779
343,26135,0.249065801
344,26137,0.037306744
345,26143,0.094128493
346,26151,0.338634404
347,26155,0.453272994
348,26161,1.254625184
349,27009,0.342904008
350,27017,-0.003009571
351,27027,0.60882281
352,27029,-0.176684623
353,27031,0.081267539
354,27039,0.002478884
355,27041,0.269422411
356,27051,0.315950905
357,27057,0.070440475
358,27059,0.109755099
359,27065,-0.274080083
360,27073,0.238106662
361,27079,0.183674468
362,27081,-0.155836021
363,27083,0.831598483
364,27085,0.078214825
365,27091,-0.033837969
366,27111,0.503043653
367,27119,0.278897522
368,27121,0.195501104
369,27125,-0.624606907
370,27131,0.717330373
371,27137,0.794239648
372,27143,0.090024069
373,27147,0.407509244
374,27153,0.309036894
375,27159,-0.547676581
376,27165,0.324448623
377,27167,-0.116945574
378,28003,-0.703971059
379,28007,-0.547706088
380,28013,-0.598553127
381,28023,-0.640488571
382,28031,-0.037681115
383,28035,0.538232795
384,28037,-0.992762007
385,28043,-0.60697839
386,28057,-0.176860822
387,28061,-0.837706629
388,28065,-0.43589024
389,28067,0.083434032
390,28073,0.093252042
391,22119,0.101741703
392,22121,0.103537625
393,22127,-0.760671632
394,23003,0.186679868
395,23005,1.101700645
396,23009,0.646063297
397,23023,0.490388633
398,23029,0.388433206
399,24001,1.015386794
400,24003,1.356619766
401,24017,0.805964331
402,24019,1.181265569
403,24027,1.360609947
404,24029,0.9936103
405,24035,1.315153098
406,24037,1.219703252
407,24041,1.215844702
408,24043,1.000052138
409,25003,0.908726764
410,25019,0.834110989
411,26005,1.067375162
412,26009,0.174655771
413,26015,0.740896798
414,26019,0.382166512
415,26025,0.748743069
416,26035,-0.21802406
417,26037,0.676795511
418,26039,0.175692306
419,26045,0.610680081
420,26049,0.788023306
421,30045,-0.503082999
422,30051,-0.73204477
423,30065,-0.238864686
424,30075,-0.957361538
425,30091,-0.318795131
426,30101,-0.281248527
427,31001,-0.860133406
428,31005,-1.06071485
429,31009,-1.229980203
430,31017,-0.388580176
431,31029,-0.643170986
432,31035,-0.557124372
433,31037,-0.488247884
434,31039,-0.374008947
435,31047,-0.866168799
436,31057,-0.467480283
437,31063,-0.816079389
438,31069,-0.292959058
439,31073,-0.933992501
440,31085,-1.219269775
441,31091,-0.830972752
442,31093,-0.553263813
443,31097,-0.44143136
444,31109,1.148357531
445,31111,0.107286122
446,31115,-0.198839672
447,31117,-1.054046117
448,31121,-0.391582244
449,31123,-0.89896818
450,31129,-1.136741846
451,31135,-0.926616367
452,31139,-0.088513565
453,31149,-0.263053219
454,31151,-0.415222961
455,31157,0.250832277
456,31163,-0.858518555
457,31167,-0.089373009
458,31171,-0.738506617
459,31179,0.248437606
460,31183,-0.883416203
461,31185,-0.335099577
462,32003,3.128594194
463,32015,0.143177845
464,32027,-0.230309727
465,32510,1.318815365
466,33007,0.500073283
467,33009,0.708651551
468,33013,0.761221065
469,34003,1.042217373
470,34017,0.89136828
471,34029,1.37086393
472,34035,1.242386134
473,35001,2.994250161
474,28075,0.002634933
475,28077,-0.614841211
476,28079,-0.995713583
477,28081,0.388487395
478,28085,-0.802964045
479,28091,-0.523541841
480,28097,-0.245024106
481,28101,-0.794690166
482,28107,0.543525645
483,28115,-0.511821878
484,28117,-0.807154417
485,28123,-0.435786274
486,28129,-0.479867901
487,28139,-1.40414318
488,28145,-1.148974591
489,28153,-0.866645995
490,28159,-0.130908024
491,29001,0.571016032
492,29007,-1.224143836
493,29015,0.542557333
494,29025,-0.101296338
495,29027,1.159971727
496,29035,0.327041843
497,29043,1.093514914
498,29049,0.589253204
499,29053,0.265802648
500,29057,0.902588446
501,29063,-0.276866171
502,29067,-0.815933144
503,29075,-0.699594032
504,29079,-0.365203086
505,29085,-0.589993158
506,29093,0.466420029
507,29095,1.365525415
508,29101,1.336188334
509,29103,0.0813375
510,29109,0.530464464
511,29115,0.424916283
512,29119,0.37974108
513,29125,-0.522540172
514,29135,-0.5010136
515,29139,-0.094587277
516,29149,0.660333835
517,29159,0.222862468
518,29161,1.041011715
519,29167,0.897442787
520,29175,-0.233083586
521,29185,0.803275083
522,29187,0.81568912
523,29197,-1.362561681
524,29203,0.737265136
525,29211,-0.665889031
526,29215,0.558942464
527,29221,0.430763748
528,29229,-0.753311135
529,30001,0.736741285
530,30011,-0.660415315
531,30025,-1.007102648
532,30035,0.25963159
533,37179,1.071405227
534,37181,0.201113006
535,37191,0.550310347
536,38003,0.095598348
537,38007,-0.13103736
538,38013,-0.556171588
539,38017,0.470340792
540,38019,-0.760632251
541,38027,-0.687668514
542,38031,-0.376342611
543,38039,-0.382827082
544,38041,-0.376595638
545,38045,-0.224743636
546,38057,-0.061322181
547,38063,-1.007433614
548,38069,-0.730743648
549,38075,-0.811932987
550,38083,-0.499187241
551,38089,0.171106929
552,38095,-0.651877531
553,38097,-0.603440655
554,38103,-0.547104144
555,39003,0.71047213
556,39011,0.418209104
557,39019,0.363820525
558,39023,0.975382711
559,39031,0.787953572
560,39033,0.107428837
561,39041,1.175838335
562,39047,0.061745442
563,39053,-0.241448294
564,39055,1.147362758
565,39059,0.735515781
566,39065,0.785200108
567,39073,1.017887433
568,39077,0.69157912
569,39089,1.307864623
570,39091,0.54675252
571,39097,0.46274283
572,39103,0.942074272
573,39109,0.639878155
574,39117,0.462711577
575,39125,0.286380874
576,39131,-0.243264014
577,39137,0.107729073
578,39143,0.521667307
579,39147,0.778507361
580,39157,0.842235577
581,39159,0.968307441
582,39165,1.078694234
583,39169,1.19586116
584,40005,-0.623684373
585,40011,-0.238965183
586,40019,-0.102244329
587,40027,1.282110441
588,40037,0.207764909
589,40039,-0.149479801
590,40043,-1.003672815
591,40053,-0.614700842
592,35011,0.86667924
593,35015,2.750810628
594,35017,3.269268809
595,35027,1.68191886
596,35035,1.968376428
597,35047,2.246803721
598,35057,1.345929319
599,35061,2.005256555
600,36011,0.669611792
601,36021,0.870078297
602,36023,0.668657205
603,36033,0.409726744
604,36041,0.194846386
605,36049,0.246513621
606,36057,0.469216747
607,36065,0.548205176
608,36073,0.617074526
609,36079,0.764589819
610,36087,0.71549023
611,36095,0.339533764
612,36107,0.753516052
613,36117,0.937089302
614,37001,0.984215612
615,37003,-0.231343868
616,37005,0.485563615
617,37017,0.618292666
618,37025,0.669450093
619,37033,0.411589522
620,37043,0.226001978
621,37055,1.123516528
622,37057,0.398366502
623,37063,1.242513756
624,37073,0.392907565
625,37081,1.272915866
626,37091,0.199896906
627,37101,0.956347824
628,37109,0.047402743
629,37123,0.530772583
630,37127,0.516935428
631,37135,1.273882388
632,37145,0.530828537
633,37151,0.640013557
634,37155,0.106952026
635,37167,0.593708154
636,45045,1.237382971
637,45047,0.475529643
638,45051,0.971470372
639,45061,0.468765597
640,45081,0.065626991
641,45087,0.06314723
642,46003,-0.988889516
643,46005,-0.835252812
644,46013,0.315326916
645,46017,-0.97808745
646,46025,-1.178330308
647,46029,-0.66033778
648,46043,-0.115850604
649,46045,-0.337291596
650,46055,-0.882846403
651,46061,-0.938817085
652,46067,-0.682960054
653,46073,-0.96286773
654,46077,-1.030394787
655,46079,-0.800827083
656,46087,-0.479524357
657,46097,-1.207120524
658,46099,0.571169869
659,46107,-1.059971714
660,46111,-0.70377411
661,46121,-1.102019568
662,46125,-0.61973358
663,46137,-1.068240098
664,47003,0.160497569
665,47005,0.328237428
666,47015,-0.098756115
667,47017,-0.790855244
668,47031,0.505833556
669,47039,0.293723382
670,47047,0.814858517
671,47053,0.806333165
672,47061,0.237467289
673,47069,-0.787918292
674,47077,-0.05788889
675,47083,0.153232978
676,47099,-0.447959416
677,47107,0.254816928
678,47113,0.475383001
679,47125,0.918358241
680,47133,-0.473654205
681,47153,0.262788728
682,47169,-0.39924545
683,47173,0.200869737
684,47179,0.69849845
685,40057,-0.347574569
686,40059,-0.702660459
687,40063,-0.384808631
688,40069,0.766399152
689,40073,-0.064979347
690,40077,-0.659600446
691,40091,-0.194707506
692,40097,-0.163687799
693,40103,0.002523205
694,40109,1.158706137
695,40119,1.304705753
696,40125,-0.277874317
697,40131,0.319847826
698,40137,-0.157618443
699,40147,0.906413109
700,40153,-0.119169322
701,41013,1.305934501
702,41025,1.748083218
703,41031,1.510640528
704,41049,0.637947213
705,41053,1.106394133
706,41067,1.178704941
707,42007,0.617452554
708,42011,1.182395281
709,42013,0.929647358
710,42015,0.511127914
711,42023,0.286044548
712,42047,0.42128122
713,42053,0.433537609
714,42063,1.003938421
715,42069,0.61160474
716,42075,1.205045523
717,42083,0.05613462
718,42093,0.86841487
719,42105,0.289432255
720,42107,1.004552809
721,42113,0.32916781
722,42119,0.784287637
723,42131,0.326433802
724,45001,0.510828713
725,45009,-0.851625265
726,45023,0.249720712
727,45031,0.709489247
728,45039,-0.343261874
729,48173,-0.393073736
730,48175,1.082422952
731,48179,-0.536153628
732,48183,0.538473674
733,48189,0.017338054
734,48193,0.037169918
735,48205,-0.249902635
736,48207,-0.007653966
737,48209,2.167605381
738,48219,-0.740333726
739,48221,0.180474083
740,48227,-0.152719514
741,48231,0.896006027
742,48233,-0.303819807
743,48237,0.046576457
744,48243,2.581473408
745,48251,1.032555393
746,48253,-0.057822553
747,48263,-0.608256182
748,48265,1.945904664
749,48269,-0.92003156
750,48279,-0.727063448
751,48281,0.571603631
752,48291,1.148233615
753,48293,0.070870005
754,48303,1.621596616
755,48305,-0.397904927
756,48309,1.066790917
757,48311,1.148733211
758,48317,-0.725702477
759,48325,1.553607126
760,48327,0.847468213
761,48335,-0.061226943
762,48341,-0.602414514
763,48345,-0.71945468
764,48353,0.506875583
765,48357,-0.479841457
766,48359,-0.74214442
767,48363,0.650731485
768,48365,-0.033938962
769,48367,0.535072738
770,48375,0.407521036
771,48379,0.449422399
772,48381,1.392998806
773,48393,-0.904504354
774,48397,0.021263407
775,48399,0.48705557
776,48407,0.310928929
777,48413,-0.052654431
778,48417,0.234777075
779,48429,-0.364384879
780,48431,-0.285674812
781,48437,-0.370544462
782,48441,1.853888509
783,48445,-0.546223921
784,48455,0.133836201
785,48461,0.233343764
786,48467,0.4395131
787,48481,0.522821774
788,48483,-0.778504757
789,48491,2.094789514
790,48497,0.478266412
791,48503,0.297672214
792,48507,0.516475602
793,49011,1.456736241
794,49021,1.371640384
795,47183,0.203291802
796,47185,0.092369008
797,48003,-0.270805514
798,48009,0.216008242
799,48011,-0.86200233
800,48013,0.949873072
801,48017,-0.299557076
802,48023,-0.430176962
803,48027,1.651761895
804,48031,1.634062363
805,48037,0.564400812
806,48047,0.45948658
807,48059,0.348670704
808,48063,-0.166736334
809,48065,-0.842244461
810,48069,-0.727818907
811,48075,-0.918340159
812,48079,-0.433238499
813,48081,-0.140243629
814,48087,-0.761723811
815,48093,-0.194795374
816,48099,1.223318537
817,48101,-0.31472799
818,48107,0.49732217
819,48111,-0.433950927
820,48115,-0.847936478
821,48121,1.507866223
822,48125,-0.677575038
823,48131,0.631607232
824,48143,-0.008304374
825,48145,0.317888388
826,48149,0.271883
827,48159,0.206032302
828,48163,0.504795446
829,48171,1.326394033
830,53035,0.925457583
831,53045,0.805437291
832,53059,1.068547884
833,53069,0.773026578
834,54001,0.070191369
835,54013,-0.938139433
836,54021,-0.575264253
837,54033,-0.015409653
838,54041,0.100118035
839,54047,-0.491068182
840,54061,0.693518574
841,54067,0.109265195
842,54089,0.496505504
843,54101,-0.36147665
844,54105,-0.194756936
845,55001,0.330135455
846,55005,0.187144279
847,55015,0.636793111
848,55017,0.259897738
849,55025,1.277254005
850,55027,0.772070066
851,55033,0.668724192
852,55035,0.473631097
853,55039,0.754588575
854,55045,0.714149632
855,55047,0.634985502
856,55053,-0.045847777
857,55065,0.489558296
858,55067,-0.001981898
859,55073,0.612001656
860,55075,0.277525957
861,55081,0.120399133
862,55085,0.096907746
863,55097,0.680975511
864,55099,-0.119086846
865,55103,0.379908036
866,55107,0.053317331
867,55113,0.025061741
868,55127,0.760941482
869,55131,0.796858957
870,55137,0.349303639
871,56005,0.011219637
872,56015,-0.292424812
873,56025,0.628710259
874,56031,-0.265402786
875,56041,-0.478717339
876,56045,-0.283120559
877,49027,0.412652377
878,49031,0.300726032
879,49039,0.577184409
880,49053,2.893133403
881,50003,0.576619665
882,50009,0.081256195
883,50015,0.240679434
884,50023,0.516611068
885,51003,1.244124304
886,51013,0.648382433
887,51025,0.269786199
888,51035,0.106100066
889,51043,1.011641142
890,51049,0.5282308
891,51063,0.411656303
892,51075,0.595651044
893,51081,0.130857364
894,51097,0.586788834
895,51109,0.912176761
896,51121,1.258140236
897,51127,0.684212815
898,51135,0.548792326
899,51145,0.849507268
900,51159,0.676404212
901,51169,-0.272521349
902,51181,0.709678169
903,51187,0.794575165
904,51197,0.443611515
905,51019,-0.504290841
906,51530,-0.594441665
907,51570,-0.404094991
908,51595,-0.645290596
909,51610,0.039717991
910,51640,-0.874513926
911,51660,0.492861245
912,51683,-0.284102194
913,51690,-0.440297939
914,51720,-0.969526263
915,51740,0.447614849
916,51770,0.937566066
917,51820,0.300992449
918,51830,0.813155859
919,53013,0.582119038
920,53023,0.020740163
921,4019,4.077062415
922,4021,2.850250996
923,4025,3.605521895
924,4027,1.92461376
925,5001,0.192445106
926,5003,-0.691136537
927,5007,1.410440212
928,5009,0.194154527
929,5011,-0.900942981
930,5013,-0.281365818
931,5015,0.26748955
932,5017,-0.677693804
933,5019,-0.099267372
934,5021,0.728159176
935,5029,0.684535182
936,5031,1.106008455
937,5033,1.182360943
938,5035,0.84421908
939,4001,2.022560441
940,4005,3.521074811
941,4007,3.304270678
942,4011,1.541626289
943,4013,3.442871133
944,4017,2.502118282
945,5101,0.475646233
946,5103,-0.45120863
947,5105,0.266044129
948,5107,-0.639219039
949,5113,-0.152352508
950,5115,1.132605003
951,5117,-0.11059634
952,5119,1.236381651
953,5121,-0.43678893
954,5125,1.046367936
955,5127,1.059064309
956,5131,1.01020309
957,5133,-0.546473717
958,5137,0.138453193
959,8051,1.076883054
960,8055,1.026333163
961,8057,0.630807924
962,8059,2.031327973
963,8063,0.250196607
964,8065,-0.413959049
965,8067,1.408149993
966,8069,2.499692817
967,8071,1.651445638
968,8075,0.32771857
969,8077,1.823293331
970,8081,0.587701097
971,5039,-0.811644898
972,5041,-0.866924406
973,5045,1.408185839
974,5047,0.813322251
975,5049,0.263362436
976,5053,-0.624913072
977,5055,0.583532871
978,5057,0.230349487
979,5061,-0.740367899
980,5063,-0.030871153
981,5065,-0.502738277
982,5069,0.46417597
983,5071,0.67613966
984,5073,-0.029000613
985,5075,-0.431547114
986,5077,-0.385358364
987,5083,0.521380091
988,5085,0.255788422
989,5089,0.362657696
990,5091,0.414093286
991,5093,0.505121402
992,5095,-0.371022239
993,5099,-0.438485164
994,9001,1.225149632
995,9003,1.048647534
996,9005,1.013947541
997,9007,0.940803079
998,9009,1.357337842
999,9011,0.961699268
1000,10001,1.271288359
1001,10003,1.19610694
1002,10005,1.315671992
1003,11001,1.234400107
1004,12001,1.187796578
1005,12003,-0.102508995
1006,12007,-0.508721177
1007,12009,0.859499355
1008,12011,0.542310219
1009,12015,0.636343805
1010,12017,0.461751554
1011,12021,1.012838232
1012,8083,1.530719354
1013,8087,0.07637331
1014,8089,0.84014076
1015,8091,0.722880786
1016,8093,0.971952103
1017,8097,0.812155707
1018,8099,1.158922936
1019,8103,0.592380233
1020,8107,0.914766646
1021,8109,0.712456299
1022,8111,-0.376457168
1023,8113,1.377686175
1024,8117,0.542512876
1025,8119,1.214269023
1026,8123,1.34647301
1027,8125,0.204700106
1028,12086,1.384285858
1029,12089,0.325901204
1030,12091,0.894751106
1031,12093,0.181901609
1032,12095,0.998697238
1033,12097,0.520030291
1034,12101,0.757475703
1035,12103,0.889254697
1036,12105,0.560051741
1037,12109,0.611046321
1038,12111,0.223978537
1039,12113,0.798038545
1040,12115,1.049916945
1041,12117,0.588269137
1042,12119,0.327844968
1043,12121,0.168223815
1044,12125,-0.519604569
1045,12127,0.839675454
1046,12129,1.291022841
1047,12131,0.369147802
1048,13001,-0.562269898
1049,13003,-1.277628765
1050,12023,0.095164799
1051,12029,0.296648477
1052,12031,0.935033908
1053,12035,0.123478229
1054,12037,0.884510412
1055,12039,0.056542038
1056,12043,-0.100365716
1057,12045,0.103988569
1058,12047,-0.562542158
1059,12051,-0.120480662
1060,12053,0.513312692
1061,12057,0.599324885
1062,12059,-0.239497677
1063,12061,0.468790179
1064,12063,-0.206872823
1065,12065,0.386858163
1066,12069,0.893879016
1067,12071,0.994700977
1068,12073,0.94749529
1069,12075,0.673206272
1070,12079,-0.107503852
1071,12085,0.257143283
1072,13069,-0.419075181
1073,13073,0.315363349
1074,13077,0.651836272
1075,13079,-0.556044844
1076,13083,-0.009528989
1077,13085,0.599875434
1078,13087,-0.28424462
1079,13089,1.108784407
1080,13091,-0.886276077
1081,13095,0.123863769
1082,13097,0.341805087
1083,13099,-0.301560855
1084,13103,-0.27826783
1085,13105,-0.218066285
1086,13107,-0.069057166
1087,13111,0.628156751
1088,13113,0.813846734
1089,13115,1.076062669
1090,13117,0.90927462
1091,13121,1.186015055
1092,13123,0.146358315
1093,5145,1.069778292
1094,5149,0.443759066
1095,6001,2.048085221
1096,6003,0.766963645
1097,13005,-0.878708622
1098,13007,-0.642287143
1099,13011,-0.13128124
1100,13013,0.500143983
1101,13015,1.164845588
1102,13017,-0.75034184
1103,13021,0.821952642
1104,13023,-0.64570169
1105,13025,-0.993777131
1106,13027,0.23636174
1107,13029,0.149485565
1108,13031,0.538836983
1109,13033,0.492663044
1110,13037,-0.965289383
1111,13039,0.414365369
1112,13045,0.666488837
1113,13049,0.204358989
1114,13051,0.949599274
1115,13053,0.00140555
1116,13057,0.601121681
1117,13061,-0.524084678
1118,13063,0.737227722
1119,13065,-0.373671311
1120,13067,0.977386966
1121,6041,1.742540159
1122,6045,1.573788537
1123,6047,1.299662773
1124,6051,1.959936793
1125,6053,2.330751301
1126,6055,1.656888454
1127,6057,2.015800587
1128,6059,2.59173576
1129,6061,2.12617134
1130,6063,1.86370814
1131,6065,3.219405873
1132,6069,1.649673742
1133,6073,3.673860844
1134,6075,1.277191656
1135,6077,1.546661755
1136,6005,1.550534299
1137,6007,2.10985252
1138,6009,1.607943906
1139,6013,1.871407362
1140,6015,1.45694172
1141,6017,2.17492078
1142,6019,2.096062265
1143,6023,1.976291119
1144,6025,1.482746249
1145,6027,3.181310123
1146,6029,3.23057175
1147,6033,1.194048377
1148,6035,1.725360416
1149,6037,4.189797696
1150,6039,1.904195179
1151,18123,0.408697037
1152,18125,0.932325981
1153,18129,0.831588561
1154,18135,-0.250557161
1155,18137,0.299506798
1156,18141,1.01181521
1157,18143,0.662035797
1158,18147,1.160500743
1159,18149,0.143474175
1160,18151,0.337524403
1161,18153,0.758718077
1162,18155,-0.359838635
1163,18161,0.492263652
1164,18163,1.320369353
1165,26003,0.024761108
1166,26007,0.305363558
1167,26011,0.316520345
1168,26013,0.022653604
1169,26017,0.623035827
1170,26021,1.145747148
1171,26023,0.29552672
1172,26027,0.416696681
1173,26029,0.148748222
1174,21041,-0.773662778
1175,21043,-0.500381214
1176,21047,0.549938966
1177,21049,0.015918846
1178,21051,-1.119743073
1179,21055,-0.264930407
1180,21057,-0.962089296
1181,21059,0.691278306
1182,21063,-1.010068109
1183,21065,0.138477248
1184,21067,1.111252836
1185,21069,-0.2791377
1186,20079,1.006286354
1187,20081,-1.045696779
1188,20085,0.568758493
1189,20087,1.244868785
1190,20089,-0.684122276
1191,20091,1.587396457
1192,20097,-0.274990438
1193,20099,0.528681451
1194,20103,1.215554575
1195,20107,1.158175393
1196,20111,0.568478371
1197,20113,0.618844894
1198,20115,0.377840552
1199,20119,-0.506956402
1200,20121,1.07969213
1201,20125,0.217612392
1202,20127,-0.275057956
1203,20129,0.834259284
1204,20133,1.195309563
1205,20135,-0.440171192
1206,20137,-0.896799927
1207,20141,-0.925395109
1208,20145,-0.638283017
1209,20147,-0.693323482
1210,18165,0.115048342
1211,26071,-0.107492291
1212,26075,0.869815023
1213,26079,0.080528329
1214,26081,0.948573148
1215,26087,0.774428639
1216,26089,0.549344632
1217,26091,0.894968256
1218,26095,-0.141687649
1219,26099,1.035845653
1220,26101,0.576832599
1221,26105,0.438816398
1222,26113,-0.004784432
1223,26031,0.170278073
1224,26033,0.730115209
1225,26041,0.27129543
1226,26043,-0.40329321
1227,26047,0.253876994
1228,26051,-0.019250535
1229,21071,-0.967022004
1230,21075,1.134349845
1231,21077,-0.710360111
1232,21079,0.284682703
1233,21085,-0.37763602
1234,21087,-0.583268119
1235,21089,-0.440380951
1236,21091,-0.187485357
1237,21093,0.738868809
1238,20149,0.937735734
1239,20153,-0.496676962
1240,20157,-0.480001889
1241,20159,-0.353878823
1242,20161,1.10343352
1243,20167,0.327098905
1244,20171,-0.099407498
1245,20173,1.273786793
1246,20175,-0.6425052
1247,20179,-0.908314202
1248,20181,-0.746234143
1249,20183,-0.750520739
1250,20187,-0.749379468
1251,20191,1.033155219
1252,20195,-0.077279817
1253,20197,0.415374756
1254,20201,-0.104272864
1255,20203,-0.933848236
1256,20207,0.388116045
1257,26063,0.247519591
1258,26115,1.07284597
1259,26119,-0.226870374
1260,26121,0.8890837
1261,26125,0.869372527
1262,26127,0.266030711
1263,26131,0.200157362
1264,26139,1.089011888
1265,26141,-0.113277843
1266,26145,0.797926655
1267,26147,0.753179752
1268,26053,-0.093316207
1269,26055,0.543052997
1270,30047,1.231201901
1271,30049,1.283548013
1272,30053,0.464226348
1273,30055,-0.692727346
1274,30057,0.935160449
1275,21095,-0.863697912
1276,21099,0.529876623
1277,21101,1.069670608
1278,21105,-0.194041608
1279,21107,0.266517989
1280,21109,-0.192447896
1281,21111,1.123069091
1282,21115,-1.075919263
1283,21117,0.419401684
1284,21119,-1.312517175
1285,21121,-0.619187462
1286,6079,2.172765225
1287,6081,1.649763614
1288,6085,2.263596604
1289,6087,1.47806458
1290,6091,0.915574272
1291,6093,2.032810481
1292,6095,1.751131563
1293,6097,1.681434854
1294,6099,1.710545864
1295,26149,0.601871081
1296,26153,0.052683066
1297,26157,0.570062651
1298,26159,0.831306814
1299,26163,1.038256944
1300,26165,-0.113528492
1301,27001,-0.005237079
1302,27005,0.313627612
1303,27007,0.015734067
1304,27011,-0.088097216
1305,27013,0.187879217
1306,27015,0.339177898
1307,27019,0.879196905
1308,27021,0.100712853
1309,27023,0.00973128
1310,27025,0.489073328
1311,27033,0.492499971
1312,18169,0.424539162
1313,18171,0.035379626
1314,18173,1.289440657
1315,18175,0.404252611
1316,18181,0.368903601
1317,18183,0.140886162
1318,19003,-0.622249075
1319,19005,0.21233799
1320,19009,-0.857105245
1321,19011,0.045703497
1322,19015,0.486912521
1323,19019,0.263959666
1324,19023,-0.09167271
1325,19025,-0.926255291
1326,19029,-0.344763534
1327,19033,-0.163212481
1328,19037,-0.628535016
1329,13129,0.221895695
1330,13133,0.712023714
1331,13135,0.954155248
1332,13137,0.116844465
1333,13139,0.511358686
1334,21123,0.412139033
1335,21125,0.095958336
1336,21127,-0.978289453
1337,21131,-1.26898538
1338,21133,-0.718752818
1339,21135,-0.852793474
1340,21139,-0.223375161
1341,21143,0.685980171
1342,21145,-0.156613867
1343,6103,2.063416506
1344,6105,0.965013574
1345,6109,1.994838382
1346,6111,2.767196068
1347,6113,1.828966666
1348,6115,1.864565788
1349,8005,1.500268679
1350,8007,1.060269574
1351,8009,0.993941152
1352,8015,1.479067121
1353,8017,0.029737168
1354,27035,0.234325602
1355,27037,1.082842773
1356,27043,0.214121661
1357,27045,0.28014732
1358,27047,0.217022403
1359,27049,0.586390324
1360,27053,1.086958305
1361,27055,0.484272272
1362,27061,0.051740275
1363,27063,0.288860471
1364,27067,0.42053089
1365,27069,-0.319750651
1366,13141,-0.866613114
1367,13145,0.386971037
1368,13147,-0.150201192
1369,13151,0.613746554
1370,13153,0.247927175
1371,13157,0.474052722
1372,13159,0.35594754
1373,13161,-0.223334059
1374,13165,-0.129498501
1375,13167,-1.205942759
1376,13169,0.540225588
1377,13173,-1.017675893
1378,13175,-0.273090241
1379,13179,0.198412281
1380,21147,0.083229235
1381,21151,0.886006412
1382,21153,-1.170224074
1383,21155,-0.263226599
1384,21159,-0.692132878
1385,21161,-0.579170199
1386,21163,-0.63342007
1387,21167,0.33150468
1388,21171,-0.813082451
1389,21173,-0.934209608
1390,21175,-0.927873392
1391,21177,0.580420608
1392,6101,1.17002234
1393,8019,0.554476012
1394,8021,0.525152421
1395,8023,-0.324935193
1396,8027,0.623272245
1397,8029,1.309156422
1398,8031,1.168311525
1399,8033,0.6920956
1400,8037,1.18317445
1401,8041,2.38717023
1402,8043,2.061009741
1403,8045,1.220221534
1404,8049,0.816190884
1405,27071,-0.350307433
1406,27075,0.253438415
1407,27077,-0.469601426
1408,27087,-0.288108975
1409,27089,-0.253448215
1410,27093,0.446910931
1411,27095,-0.246208992
1412,27097,0.280490292
1413,27101,0.122446254
1414,13181,-0.244166221
1415,13183,-0.407693684
1416,13185,0.42952546
1417,13187,0.107231471
1418,13191,0.648205962
1419,13193,0.132980486
1420,13195,0.287634327
1421,13197,-0.171764138
1422,13201,-0.78833641
1423,13205,-0.925487266
1424,13207,0.504674642
1425,13209,-0.473307909
1426,13211,0.653526636
1427,13213,0.716709129
1428,21181,-0.471370947
1429,21183,0.263557816
1430,21185,0.538510407
1431,21187,-0.568626221
1432,21191,-0.817421875
1433,21193,-0.744199903
1434,21197,-0.030144042
1435,21199,0.87200217
1436,21203,-0.105545308
1437,21205,0.125569502
1438,21207,-0.137433613
1439,21209,0.079032126
1440,21213,-0.29444485
1441,21217,-0.134230618
1442,1005,0.498285367
1443,1009,0.188612795
1444,1013,-0.321964946
1445,1015,0.391674391
1446,1017,0.32870854
1447,1019,0.097555396
1448,1023,-0.54908257
1449,1025,-0.365105663
1450,1027,-0.285027867
1451,1029,0.049272843
1452,1033,1.063120908
1453,1035,-0.260242476
1454,27103,0.193893517
1455,27105,-0.215943601
1456,27107,-0.219652415
1457,27113,-0.442026172
1458,27115,0.312074215
1459,27117,0.309877148
1460,27123,1.012758319
1461,27127,0.153473862
1462,27129,0.103655051
1463,27133,0.405140943
1464,27135,-0.790372996
1465,27139,0.809478142
1466,27141,0.660653235
1467,13215,0.894141244
1468,13219,1.021296282
1469,13221,0.637563219
1470,13225,-0.848048869
1471,13229,-1.24049578
1472,13231,-0.73789544
1473,13235,-0.470520202
1474,13237,0.21132568
1475,13239,-0.882721615
1476,13241,0.660489748
1477,13245,0.942077734
1478,13247,0.499557444
1479,21219,0.523675418
1480,21221,0.569916267
1481,21223,-0.628473332
1482,21225,0.28575189
1483,21229,-0.633810338
1484,21231,-0.001771514
1485,21233,-0.621609551
1486,21235,-0.233068097
1487,21239,-0.206389211
1488,22001,0.059563281
1489,22005,-0.063156779
1490,22007,-0.434594429
1491,22009,-0.187532815
1492,22011,0.290190496
1493,1039,0.174794003
1494,1041,-0.080901307
1495,1043,0.319416101
1496,1047,-0.091563629
1497,1049,0.165740894
1498,1051,0.18944991
1499,1053,-0.214975978
1500,1057,-0.461400905
1501,1061,0.156525056
1502,1063,-0.521679856
1503,1065,0.140155603
1504,1067,-0.29122629
1505,1069,0.268379959
1506,27145,0.640741588
1507,27149,0.1325088
1508,27151,0.045976714
1509,27155,-0.147416299
1510,27157,0.294771497
1511,27161,0.031535781
1512,27163,1.02128379
1513,27169,0.4646579
1514,27171,0.631835824
1515,27173,0.324418047
1516,28001,0.527529003
1517,13251,-0.085423924
1518,13253,-0.929096393
1519,13255,0.290932929
1520,13257,-0.617348633
1521,13259,0.288810478
1522,13263,0.123937471
1523,13265,-0.4541221
1524,13267,-0.314322729
1525,13269,-0.376536679
1526,13271,-0.70038324
1527,13275,0.086973083
1528,22015,1.045065864
1529,22017,0.805704185
1530,22019,1.031817927
1531,22021,-0.636106855
1532,22023,1.294103308
1533,22025,0.289118101
1534,22029,0.27357472
1535,22031,0.354561804
1536,22033,1.036790215
1537,1073,1.072753201
1538,1077,0.909489149
1539,1079,0.650230424
1540,1081,0.865593676
1541,1085,-0.124040722
1542,1089,1.426458943
1543,1091,0.033970092
1544,1095,0.711941884
1545,1097,1.153262795
1546,1099,-0.098254292
1547,1101,0.487398999
1548,28005,-1.396062788
1549,28009,-0.860352694
1550,28011,-0.683864995
1551,28015,-0.722848773
1552,28017,-0.500554114
1553,28019,0.178718156
1554,28021,-0.878563408
1555,28025,-0.105525358
1556,28027,0.075253804
1557,28029,-0.668106365
1558,28033,1.056505117
1559,28039,-0.2398915
1560,28041,-0.85064369
1561,13279,-1.1128677
1562,13281,0.239553177
1563,13283,-1.070488889
1564,13287,-0.886750279
1565,13289,-0.220514674
1566,13291,0.267408828
1567,13293,-0.525879636
1568,13297,0.646150975
1569,13299,-0.46699947
1570,13301,-0.857116361
1571,13303,-0.155608308
1572,13305,-0.770343121
1573,13309,-0.497204063
1574,13313,0.429358364
1575,22035,-0.079815817
1576,22039,-0.297924519
1577,22041,-0.719501057
1578,22043,-0.002945571
1579,22045,0.19304833
1580,22049,-0.633651889
1581,22051,1.036746952
1582,22053,0.341703284
1583,22055,0.679200824
1584,1071,0.511346442
1585,1105,0.433278105
1586,1107,-0.590390926
1587,1109,-0.261882626
1588,1113,0.075453696
1589,1115,0.136824424
1590,1117,0.9395556
1591,1121,-0.236476114
1592,1123,0.370550566
1593,1125,1.030165189
1594,1127,-0.134758028
1595,1129,-0.41005788
1596,1133,0.401994108
1597,28045,0.760798337
1598,28047,0.856364104
1599,28049,0.510636225
1600,28051,-0.663415553
1601,28053,-1.060133798
1602,28055,-1.222942205
1603,28059,1.145618353
1604,28063,-0.865536755
1605,28069,-0.339505976
1606,28071,0.781542836
1607,13317,-0.260174444
1608,13319,-0.74696202
1609,13321,-1.069034698
1610,16001,1.6018231
1611,16003,0.582018393
1612,22057,0.219613386
1613,22061,0.694782874
1614,22063,0.240349315
1615,22065,-0.334313201
1616,22067,-0.092512308
1617,22069,0.046180989
1618,22071,1.15164191
1619,22117,0.34588165
1620,22123,-0.474183263
1621,22125,0.14021124
1622,23001,0.366583829
1623,23007,0.253120776
1624,23011,0.61281973
1625,23013,0.281063589
1626,23015,0.460129226
1627,16005,0.687500568
1628,16007,-0.077485723
1629,16011,-0.130105819
1630,16013,1.022316486
1631,16015,0.893267972
1632,16017,0.597566447
1633,16021,0.422008342
1634,16023,-0.294604524
1635,16027,0.926462427
1636,16029,-0.464766979
1637,16031,1.158426339
1638,16033,-0.568234176
1639,22077,-0.187427671
1640,22079,0.735461094
1641,22081,0.11840549
1642,22083,-0.226679193
1643,22085,-0.163147483
1644,22091,-0.324104469
1645,22093,-0.83334774
1646,22095,-0.106913051
1647,22097,0.319428777
1648,22099,0.655961312
1649,22101,0.189008339
1650,17071,-0.384381238
1651,17075,0.186501003
1652,17077,1.329462173
1653,17083,0.298079678
1654,17085,0.587469774
1655,17089,1.255217888
1656,17091,1.174694377
1657,17095,0.166406263
1658,17097,1.364149349
1659,17101,-0.105112394
1660,17105,0.417928505
1661,17107,0.513111629
1662,17111,1.151349402
1663,23017,0.446921004
1664,23019,0.686908025
1665,23021,0.185925682
1666,23025,0.337961928
1667,23027,0.643053184
1668,23031,0.968887306
1669,16035,0.321578245
1670,16037,0.325963677
1671,16039,0.58253223
1672,16043,0.235350424
1673,16047,0.134990084
1674,16051,0.464711215
1675,16053,-0.470246302
1676,16055,0.713679033
1677,16061,-0.270937707
1678,16063,-1.075760487
1679,16065,0.200853016
1680,22103,0.92429734
1681,22107,-0.674993304
1682,22109,0.55251716
1683,22113,0.581350427
1684,22115,0.761346599
1685,19045,-0.104096102
1686,19049,0.359843311
1687,19051,-0.65310657
1688,17117,0.136752347
1689,17119,1.130800657
1690,17123,0.165584474
1691,17125,0.822146424
1692,17127,0.884924394
1693,17131,-0.240403708
1694,17133,1.050488377
1695,17137,0.917060692
1696,17139,0.353773472
1697,17143,0.981146122
1698,17145,0.163102525
1699,17149,0.798120562
1700,17151,0.655798621
1701,17153,0.778567022
1702,17157,0.247690044
1703,24005,1.322674338
1704,24009,1.360967708
1705,24011,0.963724525
1706,24013,1.105347401
1707,24015,1.036997501
1708,24021,1.18714979
1709,16069,0.868047942
1710,16071,-0.086567352
1711,16073,0.745528667
1712,16075,-0.070143618
1713,16077,0.171290613
1714,16079,0.087378854
1715,16083,0.902267531
1716,16085,0.93593032
1717,19053,-0.092826624
1718,19057,0.23704124
1719,19059,0.10975948
1720,19061,0.625720459
1721,19067,-0.671530812
1722,19071,-0.01502005
1723,19073,0.270469026
1724,19077,-0.152635282
1725,19081,-0.754381407
1726,19083,0.016813521
1727,19085,-0.061792745
1728,19089,-0.81501806
1729,19093,-0.974762767
1730,19097,0.523957013
1731,19099,0.230066516
1732,19103,1.020452922
1733,19107,-0.432373123
1734,19109,-0.295517801
1735,17113,1.280333589
1736,17161,0.728559786
1737,17163,1.086120124
1738,17167,1.0473174
1739,17169,0.044833224
1740,17173,0.11855226
1741,17177,0.206045191
1742,17179,0.713638583
1743,17181,1.122492025
1744,17183,0.7852264
1745,17185,0.15592598
1746,17191,-0.504295333
1747,17193,0.205844874
1748,17195,0.028890468
1749,17199,1.042029883
1750,17201,1.071192089
1751,17203,0.939801643
1752,24023,1.144521742
1753,24025,1.265504617
1754,24031,1.478463252
1755,24033,1.276707319
1756,24045,0.705421721
1757,16087,-0.219204043
1758,17001,0.954626909
1759,17003,0.870376025
1760,17011,0.932827329
1761,17013,0.242618619
1762,17015,0.602544402
1763,17017,0.311820376
1764,17021,0.520780484
1765,17023,0.650434203
1766,17027,1.140058894
1767,19111,0.107181736
1768,19115,0.709581932
1769,19119,-0.493250541
1770,19125,0.125733504
1771,19127,0.199315673
1772,19129,-0.364366254
1773,19133,-0.305289987
1774,19137,-0.649175749
1775,19139,0.534522755
1776,19143,-1.098387019
1777,19145,-0.636450799
1778,19149,-0.823724277
1779,18003,0.963056335
1780,18005,0.294587864
1781,18009,-0.041758003
1782,18013,0.878646817
1783,18015,-0.247179584
1784,18019,0.60371536
1785,18021,0.066421829
1786,18025,0.694295545
1787,18027,0.070706511
1788,18029,0.483606239
1789,18033,-0.120250586
1790,18037,0.909371859
1791,18039,1.270115392
1792,18043,0.473959902
1793,18051,1.332797549
1794,18059,0.755697471
1795,18061,0.855240526
1796,24047,1.11442421
1797,24510,1.102802993
1798,25001,1.363085971
1799,25005,1.024572441
1800,25007,0.704428424
1801,25009,1.322856792
1802,25011,0.90953545
1803,17031,1.52671091
1804,17033,0.200800387
1805,17039,0.614555783
1806,17043,1.263947096
1807,17045,-0.100006061
1808,17047,0.198078871
1809,17051,0.296462507
1810,17055,0.589382603
1811,17057,0.649503394
1812,17059,0.306018486
1813,17061,-0.260217855
1814,17067,-0.141592303
1815,21003,-0.04484402
1816,21007,-0.375771539
1817,21009,0.664586288
1818,19153,1.111590618
1819,19155,0.262577012
1820,19161,-0.659998632
1821,19163,0.585952164
1822,19167,0.167703963
1823,19171,0.190425389
1824,19173,-0.540902746
1825,19177,0.157507576
1826,19181,0.149437427
1827,19185,-0.573688432
1828,19187,-0.315466427
1829,19189,-0.116989507
1830,19191,0.093254875
1831,19193,0.51255641
1832,20003,0.04064365
1833,20005,0.966162201
1834,18063,0.548430954
1835,18067,-0.266986615
1836,18071,0.900382132
1837,18073,0.08937061
1838,18077,-0.05878913
1839,18079,0.201507316
1840,18083,0.700140346
1841,18087,1.115739936
1842,18089,1.037896402
1843,18091,0.853942738
1844,18097,1.183313065
1845,18099,0.285151348
1846,18103,-0.214285845
1847,18105,1.258039323
1848,18109,0.826456136
1849,18111,0.860355925
1850,18115,-0.493812929
1851,18119,0.443649605
1852,18121,0.423381975
1853,25013,0.775071774
1854,25015,1.091770236
1855,25017,1.21793174
1856,25021,0.974046924
1857,25023,1.282813605
1858,25025,0.963408002
1859,25027,1.074741906
1860,26001,0.430496899
1861,21011,-0.196887767
1862,21013,-0.572603005
1863,21015,0.469475513
1864,21017,-0.503521275
1865,21019,-0.661621608
1866,21023,-0.680543201
1867,21025,-1.075794409
1868,21027,-0.409587872
1869,21031,-0.435114267
1870,21033,-0.950348517
1871,21037,0.24123995
1872,21039,0.052516827
1873,20007,-0.437036334
1874,20011,0.293152125
1875,20015,0.780035337
1876,20019,-0.248401965
1877,20021,0.477988293
1878,20023,-0.437522002
1879,20035,0.689453158
1880,20037,0.766147556
1881,20039,-1.067282904
1882,20043,-0.199356672
1883,20045,1.620777997
1884,20051,0.288936503
1885,20053,0.270955373
1886,20057,0.473510946
1887,20059,1.09128379
1888,20061,0.350522224
1889,20065,-0.792302187
1890,20069,-0.656537736
1891,20071,-0.843283616
1892,20075,-0.567964041
1893,29055,0.169194929
1894,29059,0.19677027
1895,29061,-0.148108824
1896,29065,0.216510915
1897,29069,0.873908029
1898,29071,1.089538445
1899,29073,-0.813485303
1900,29077,1.437758649
1901,29081,-0.488238845
1902,29083,1.093236621
1903,29087,0.780881225
1904,29089,0.216531046
1905,29091,0.211041796
1906,29097,0.552628961
1907,29099,1.247768374
1908,45019,1.403021381
1909,45021,0.67080477
1910,45025,0.537493899
1911,45027,1.152592447
1912,45029,1.110413774
1913,45033,0.006783954
1914,45035,0.88357979
1915,45037,0.337493272
1916,45041,0.69506014
1917,45043,1.098260638
1918,48181,1.256165815
1919,35023,2.441264486
1920,35025,0.626443452
1921,35028,1.940383796
1922,35029,1.390252747
1923,35031,0.380074585
1924,35033,1.487865118
1925,35037,0.249728234
1926,35039,1.792592972
1927,35041,1.195435109
1928,35043,2.574311948
1929,35045,0.991593461
1930,35049,2.436510189
1931,35051,3.104244653
1932,35053,3.26133661
1933,35055,1.807715991
1934,35059,0.530282832
1935,47011,0.517186235
1936,47013,0.754482383
1937,47019,0.774740472
1938,47021,0.222491691
1939,47023,-0.371062782
1940,47025,-0.115507874
1941,47027,-0.739958398
1942,47029,0.526613526
1943,47033,0.06953476
1944,47035,0.453121921
1945,47037,1.257314442
1946,47041,0.210271866
1947,47043,0.453916372
1948,29105,-0.29768453
1949,47085,1.116470159
1950,47087,-0.688888367
1951,47089,0.142727549
1952,47091,-0.107440448
1953,47093,1.20179828
1954,47095,1.42609575
1955,47097,0.608259406
1956,47101,-0.314540892
1957,47103,0.611386023
1958,48185,0.513710341
1959,48187,1.824853944
1960,48191,-0.976004904
1961,48195,-0.741437777
1962,48197,-0.185541149
1963,48199,0.704043903
1964,48201,2.218624135
1965,48203,0.636736552
1966,48211,-0.531267828
1967,48213,0.458032335
1968,48215,3.005273425
1969,48217,0.593429001
1970,36001,0.807152691
1971,36003,0.372160703
1972,36005,0.809939588
1973,36007,0.931372223
1974,36009,0.609499101
1975,36013,0.86307748
1976,36015,0.665932976
1977,36017,0.52153445
1978,36019,0.301957447
1979,36025,0.547822627
1980,36027,1.095083906
1981,36029,1.089405755
1982,47045,0.960043089
1983,47049,-0.180540001
1984,47051,0.702558827
1985,47055,-0.466376057
1986,47057,0.013024325
1987,47059,0.324330447
1988,47063,0.291920877
1989,47065,1.168823415
1990,47067,0.103158841
1991,47071,0.708969598
1992,47073,0.717820032
1993,47075,0.686573434
1994,47079,0.945140167
1995,47081,0.262394869
1996,47105,0.602005188
1997,47109,-0.411271031
1998,47111,-0.52049064
1999,47115,0.555235186
2000,47117,-0.414137411
2001,47119,0.059698002
2002,47121,0.203138923
2003,47123,0.357267064
2004,47127,-0.217504423
2005,47129,0.230471537
2006,47131,0.784214955
2007,47135,1.100049536
2008,47137,-0.24600114
2009,47139,0.843399609
2010,48223,0.130382649
2011,48225,0.500361319
2012,48229,1.19008591
2013,48235,0.132660153
2014,48239,0.984550871
2015,48241,0.792428722
2016,48245,1.701413216
2017,48247,0.613271111
2018,48249,1.174870082
2019,48255,0.677995725
2020,48257,0.337208547
2021,48259,1.742904649
2022,48261,1.65297532
2023,48267,2.357781538
2024,36031,0.798482967
2025,36035,0.145211261
2026,36037,0.673884849
2027,36039,0.519407415
2028,36043,0.439864214
2029,36045,0.727376998
2030,36047,1.288741717
2031,36051,0.771218397
2032,36053,0.586852694
2033,36055,1.333051581
2034,36059,1.225471474
2035,36061,1.360218804
2036,30059,-0.019857109
2037,30061,0.586952484
2038,30063,1.330579743
2039,30067,1.033819665
2040,30069,-0.894623509
2041,30071,-0.125522078
2042,30073,-0.965236229
2043,30077,0.738323638
2044,30079,-1.225513412
2045,47141,0.460733565
2046,47143,0.470739706
2047,47147,0.257998174
2048,47149,0.888321083
2049,47151,-0.242602369
2050,47155,1.038283586
2051,47157,1.474870763
2052,47159,-0.144522613
2053,47161,0.939262184
2054,47163,0.915705074
2055,47165,0.556539054
2056,29107,0.40694066
2057,29111,0.037665811
2058,29113,1.191673752
2059,29117,0.17834425
2060,29121,0.041621488
2061,29123,0.399720688
2062,29127,0.279497692
2063,29129,-0.72589425
2064,29131,0.463597922
2065,29133,0.638048988
2066,29137,-0.391709901
2067,29141,-0.283708634
2068,29143,0.752509555
2069,29145,0.909953185
2070,29147,-0.474488494
2071,36063,0.759496898
2072,36067,1.036488451
2073,36069,0.871879437
2074,36071,1.199900751
2075,36075,0.870229409
2076,36077,0.438148474
2077,36081,1.247568393
2078,36083,0.657794561
2079,36085,1.100156403
2080,36089,0.735130793
2081,36091,0.704170543
2082,36093,0.410913499
2083,36097,0.662103577
2084,36099,0.988148243
2085,30083,-0.688198157
2086,30085,-0.647766526
2087,30087,-0.728320371
2088,30089,0.512438923
2089,30093,0.302211084
2090,30095,0.154575141
2091,30097,-0.453536581
2092,30099,-0.030638521
2093,30103,-1.074002499
2094,30105,-0.349119437
2095,30107,-0.481357373
2096,47167,0.509951272
2097,47171,0.103234443
2098,47175,0.137895075
2099,47177,0.538677762
2100,47181,-0.381281355
2101,40061,-0.467862109
2102,40065,0.006579915
2103,40067,-0.271011516
2104,40071,-0.210507959
2105,29151,-0.48073965
2106,29153,-0.32339346
2107,29155,0.809780245
2108,29157,0.834630652
2109,29163,0.685934939
2110,29165,1.153064214
2111,29169,0.122096351
2112,29171,-0.538681811
2113,29173,0.050534307
2114,29177,-0.22883622
2115,29179,0.77704622
2116,29181,-0.189968428
2117,29183,1.491378555
2118,36101,0.5884208
2119,36103,1.469136845
2120,36105,1.050348242
2121,36109,1.125163612
2122,36111,1.149169137
2123,36113,0.472279242
2124,36115,0.755718709
2125,36119,1.273701687
2126,36121,0.61340619
2127,30081,1.158581195
2128,30109,-0.938902385
2129,30111,0.616633325
2130,31007,-0.340239005
2131,31011,-0.756175074
2132,31013,-1.023915009
2133,31015,-1.096393275
2134,31019,0.534464173
2135,31021,-0.048011658
2136,31023,-0.088938423
2137,31025,0.446876424
2138,40075,-0.473208527
2139,40079,0.449820684
2140,40081,0.155527988
2141,40083,0.505461054
2142,40085,-0.382268597
2143,40087,0.256594819
2144,40089,1.144159001
2145,40093,-0.640997335
2146,40095,-0.368316079
2147,40099,-0.043327369
2148,40101,-0.514007106
2149,29186,0.76652405
2150,29189,1.543695681
2151,29195,0.894654299
2152,29199,-1.286333968
2153,29201,0.95050766
2154,29205,-0.494463505
2155,29207,1.089639583
2156,29209,0.744612665
2157,29213,0.987723925
2158,29217,0.988870957
2159,29219,0.564971323
2160,29223,0.535817784
2161,29225,0.367884695
2162,29227,-0.927049525
2163,29510,1.305441112
2164,30003,-0.438698267
2165,36123,0.569942914
2166,37007,0.890769691
2167,37009,0.401802195
2168,37011,0.515452204
2169,37013,0.867580636
2170,37015,-0.10480949
2171,37019,0.650637095
2172,37021,1.42577971
2173,37023,0.830412602
2174,37027,0.384449729
2175,37029,0.134326622
2176,13059,1.056691743
2177,17073,0.621575939
2178,18057,1.130070453
2179,21211,0.097950904
2180,31027,-0.493543626
2181,31031,-0.126075163
2182,31033,-0.706734217
2183,31041,-0.75857141
2184,31043,0.040316182
2185,31045,-0.125981162
2186,31049,-0.709760959
2187,31051,0.010779983
2188,31053,0.434717956
2189,31055,0.918417043
2190,31059,-0.320692164
2191,31061,-0.825789895
2192,31065,-0.941054661
2193,31067,-0.205148193
2194,31071,-0.637807221
2195,31075,-1.022859196
2196,31077,-1.16660801
2197,31081,-0.52845572
2198,31083,-0.520712455
2199,40105,-0.761802247
2200,40107,-0.976820272
2201,40111,0.251087142
2202,40113,0.983733573
2203,40115,-0.275103979
2204,40117,0.293029684
2205,40121,-0.228008807
2206,40123,-0.08170098
2207,40127,-0.272950839
2208,40129,-0.91942577
2209,40133,-0.369238198
2210,40135,0.950494731
2211,40139,0.352007455
2212,40141,0.408376979
2213,40143,1.358548145
2214,30005,-0.979912318
2215,30007,0.411602766
2216,30009,0.873021943
2217,30013,0.289292344
2218,30015,-0.760276896
2219,30017,-0.723237148
2220,30019,-0.604509765
2221,30021,-0.755772821
2222,30023,1.022176047
2223,30027,-0.097066108
2224,30029,1.139265469
2225,37031,0.736092693
2226,37035,0.650974106
2227,37037,1.107146571
2228,37039,-0.006152319
2229,37041,-0.240471679
2230,37045,0.81559102
2231,37047,0.004991195
2232,37049,0.791448422
2233,37051,0.569214968
2234,37053,0.609317537
2235,31087,-0.98607206
2236,31089,-0.824940424
2237,31095,-0.16443604
2238,31099,-0.537551237
2239,31101,-0.013704838
2240,31103,-0.595052838
2241,31105,-0.047118612
2242,31107,-0.015764392
2243,31113,-1.283463005
2244,31125,-0.888290283
2245,31127,0.063680893
2246,31131,0.316091182
2247,31133,-0.527316367
2248,31137,-0.44312325
2249,31141,-0.379344317
2250,31143,-0.88216063
2251,31145,-1.084523886
2252,40145,0.059587303
2253,40149,-0.159710244
2254,40151,-0.582840534
2255,41001,1.22123241
2256,41003,1.640173751
2257,41005,1.264904433
2258,41007,1.179786357
2259,41009,1.088094629
2260,41011,0.923960898
2261,41015,0.909099535
2262,30031,1.31079504
2263,30033,-1.141125746
2264,30037,-0.298028554
2265,30039,0.124402968
2266,30041,-0.809856216
2267,30043,1.116940757
2268,37185,-0.02324945
2269,37187,-0.028773017
2270,37189,1.00177256
2271,37193,0.723420302
2272,37195,0.520701798
2273,37197,0.63079582
2274,37059,0.124486897
2275,37061,-0.150307447
2276,37065,0.67180478
2277,37067,1.207536785
2278,37069,0.541139237
2279,37071,0.913859417
2280,37075,0.276433177
2281,37077,0.552669753
2282,37079,-0.511245866
2283,37083,0.560997637
2284,37085,0.322114017
2285,37087,1.1113443
2286,37089,1.312271806
2287,31153,0.852956482
2288,31155,0.427010705
2289,31159,0.299288101
2290,31161,-0.162483815
2291,31165,-0.16756027
2292,31169,-0.520087334
2293,31173,-0.821546372
2294,31175,-1.0944019
2295,31177,0.283378189
2296,31181,-0.706006541
2297,32001,0.746975587
2298,32005,1.358831164
2299,32007,0.819605972
2300,32009,0.527776894
2301,32011,-0.900083357
2302,41017,1.97238583
2303,41019,1.359162145
2304,41021,0.585798539
2305,41023,1.144147983
2306,41027,0.828652578
2307,41029,1.95884294
2308,41033,1.293103811
2309,41035,1.916127984
2310,41037,1.567797314
2311,41039,1.879785861
2312,41041,1.270052584
2313,37199,0.631515909
2314,38001,-0.364918276
2315,38005,-0.697075753
2316,38009,-0.010179703
2317,38011,-0.05081547
2318,38015,0.417905648
2319,38021,-0.313264181
2320,38023,-0.959998165
2321,38025,-0.202125729
2322,38029,-0.329184117
2323,38033,-0.149894002
2324,38035,0.295572335
2325,37093,0.408147989
2326,37095,0.072119465
2327,37097,0.693299769
2328,37099,0.75353288
2329,37103,0.097212012
2330,37105,0.189050923
2331,37107,-0.079511131
2332,37111,0.781978669
2333,37113,0.918082556
2334,37115,0.74277863
2335,37117,-0.219833161
2336,31147,-0.308161537
2337,32013,-0.076442617
2338,32017,1.287622803
2339,32019,0.862824057
2340,32021,0.378324217
2341,32023,2.024679717
2342,32029,0.582167631
2343,32031,1.850546599
2344,32033,0.529573789
2345,33001,0.277666133
2346,33003,0.448405669
2347,41043,1.677417985
2348,41045,0.737405676
2349,41047,1.426510907
2350,41051,1.587360049
2351,41055,0.722585458
2352,41057,1.141605185
2353,41059,1.424809683
2354,41061,1.573137845
2355,38037,-0.107713981
2356,38043,-0.367349582
2357,38047,-0.220148932
2358,38049,0.076030259
2359,38051,-0.374051201
2360,38053,-0.073042592
2361,38055,-0.148171588
2362,38059,0.2206466
2363,38061,0.094807021
2364,38065,-0.161319002
2365,38067,-0.85759609
2366,38071,-0.650095273
2367,38073,-0.121663034
2368,38077,0.02575047
2369,37119,1.389743832
2370,37121,0.013138277
2371,37125,0.891826958
2372,37129,0.831224228
2373,37131,-0.095086866
2374,37133,0.097726995
2375,37137,0.647663914
2376,37139,-0.600079223
2377,37141,0.415336035
2378,37143,-0.644759813
2379,37147,0.883791207
2380,37149,0.864288562
2381,33005,0.767782781
2382,33011,0.881121372
2383,33015,0.991774512
2384,33017,0.755447709
2385,33019,0.456795652
2386,34001,1.147490241
2387,34005,1.327202908
2388,34007,1.011660154
2389,34009,1.575811018
2390,41063,1.109602341
2391,41065,1.428401059
2392,41069,0.788216002
2393,41071,0.878911788
2394,42001,1.05356707
2395,42003,1.197172197
2396,42005,0.691213728
2397,42009,0.675038862
2398,42017,1.154636722
2399,42019,1.035871154
2400,42021,0.751286311
2401,42025,0.924864364
2402,38079,-0.899012363
2403,38081,-0.372137582
2404,38085,-0.65304152
2405,38087,-0.580627316
2406,38091,-0.110979959
2407,38093,0.135686505
2408,38099,-0.780387408
2409,38101,0.312120713
2410,38105,0.03937053
2411,39001,0.63049979
2412,39005,0.839129813
2413,39007,0.861263979
2414,37153,0.574922635
2415,37157,1.092114931
2416,37159,1.144635383
2417,37161,0.579946029
2418,37163,0.230878185
2419,37165,0.362980037
2420,37169,0.809297149
2421,37171,0.87028319
2422,37173,0.827234582
2423,37175,1.289510016
2424,37177,0.286003894
2425,34011,0.966785926
2426,34013,0.712000463
2427,34015,1.168142484
2428,34019,1.166533867
2429,34021,1.155834172
2430,34023,0.965703899
2431,34025,1.348311818
2432,34027,1.118331021
2433,34031,0.983327027
2434,34033,0.872586057
2435,42027,1.281365137
2436,42029,1.329802107
2437,42031,0.573870322
2438,42035,0.902066711
2439,42037,0.580096141
2440,42039,0.884421886
2441,42041,1.28511595
2442,42043,1.103116213
2443,42045,1.088241821
2444,42049,1.021334342
2445,42051,0.895922145
2446,42055,1.169353461
2447,39009,1.015621969
2448,39013,0.293348275
2449,39015,0.16153666
2450,39017,1.02344784
2451,39021,0.650520523
2452,39025,1.066678819
2453,39027,0.715353183
2454,39029,0.670582723
2455,39035,1.37298042
2456,39037,0.371379225
2457,39039,0.10561206
2458,39043,1.17375011
2459,39045,0.822087293
2460,39049,1.411573573
2461,39051,0.642278136
2462,39057,1.296632819
2463,45049,0.318100926
2464,45053,0.724971623
2465,45055,0.889687584
2466,45057,0.362088544
2467,45059,0.379360713
2468,45063,1.129376285
2469,45065,0.182201792
2470,45067,0.111830806
2471,45069,0.233243226
2472,34039,0.817172495
2473,34041,1.097881083
2474,35003,1.61389094
2475,35005,1.594363748
2476,35006,1.116528218
2477,35007,1.022754599
2478,28083,-0.581559426
2479,28087,1.050019904
2480,28089,0.923730323
2481,28093,0.771940832
2482,28095,0.261322285
2483,28099,-0.898669619
2484,28103,0.835828164
2485,28105,0.937454957
2486,28109,0.287098462
2487,28111,-0.129887834
2488,42057,0.291872393
2489,42059,0.122319837
2490,42061,1.168257438
2491,42065,0.386282401
2492,42067,0.974167951
2493,42071,1.389252006
2494,42073,0.463966884
2495,42077,1.129807662
2496,42079,1.129512361
2497,42081,1.041708217
2498,42085,0.968724287
2499,42087,0.859159811
2500,42089,0.967196696
2501,42091,1.131135078
2502,39061,1.219869889
2503,39063,1.062623619
2504,39067,0.802146551
2505,39069,0.137263635
2506,39071,0.701144471
2507,39075,1.141307523
2508,39079,-0.115278498
2509,39081,0.205757452
2510,39083,0.963708598
2511,39085,1.309781025
2512,39087,0.510925112
2513,39093,1.363792889
2514,39095,1.385647363
2515,39099,1.109274652
2516,39101,0.713040277
2517,45071,0.417695639
2518,45073,0.837542442
2519,45075,0.903781083
2520,45077,0.884866278
2521,45079,1.041545725
2522,45083,0.737526381
2523,45085,0.1785931
2524,45089,0.328705058
2525,45091,0.705453972
2526,34037,1.030717691
2527,28113,-0.791919432
2528,28119,-0.277057313
2529,28121,0.351496974
2530,28125,-1.166940109
2531,28127,0.196986511
2532,28131,-0.139252278
2533,28133,-0.820097683
2534,28135,-0.565535155
2535,28137,0.079656908
2536,28141,0.512377104
2537,28143,0.246599901
2538,28147,-0.657011461
2539,42095,1.286984282
2540,42097,0.714929049
2541,42099,1.063273564
2542,42101,1.24610517
2543,42103,0.685533055
2544,42109,0.916130755
2545,42111,0.903778268
2546,42115,0.593197667
2547,42117,0.76296743
2548,42121,0.396129225
2549,42123,0.628214029
2550,39105,-0.233083356
2551,39107,0.291107551
2552,39111,-0.076852668
2553,39113,1.223679571
2554,39115,0.36422547
2555,39119,0.803364281
2556,39121,0.452851331
2557,39123,1.19736251
2558,39127,0.870449273
2559,39129,0.819507642
2560,39133,1.047502784
2561,39135,0.855411206
2562,39139,1.041639241
2563,39141,0.643467239
2564,39145,0.402187923
2565,39149,0.270666628
2566,39151,1.122362884
2567,46007,-0.655498036
2568,46009,-0.97504074
2569,46011,0.382111586
2570,46015,-1.078495961
2571,46019,-0.426661924
2572,46021,-0.797357873
2573,46023,-0.203463759
2574,46027,0.291414528
2575,46031,-1.144284755
2576,46033,0.073844162
2577,46039,-0.738166321
2578,46041,-0.650191212
2579,46047,-0.337568369
2580,46049,-0.516699888
2581,46051,-0.609275696
2582,28151,-0.281267497
2583,28155,-0.392922722
2584,28157,-0.325646176
2585,28161,-0.830526357
2586,28163,-0.09362276
2587,29003,-0.029256361
2588,29005,-0.578062932
2589,29009,0.830831811
2590,29011,0.235064462
2591,29013,0.534206382
2592,29017,0.896707187
2593,42125,0.70892308
2594,42127,0.489306531
2595,42129,1.047645681
2596,42133,1.149243287
2597,44001,0.441251468
2598,44003,0.647838697
2599,44005,0.936466677
2600,44007,0.750915348
2601,39153,1.294318434
2602,39155,0.772702645
2603,39161,-0.469164619
2604,39163,0.78837569
2605,39167,0.684692297
2606,39171,0.34276896
2607,39173,0.759777323
2608,40001,0.468183452
2609,40003,0.523351048
2610,40007,-0.526270022
2611,40009,-0.803877265
2612,40013,0.489692358
2613,40015,-0.053763972
2614,40017,0.902741785
2615,46053,-0.544699771
2616,46057,-1.278491837
2617,46059,-0.578179665
2618,46063,-0.281984509
2619,46065,0.366832072
2620,46069,-0.287461544
2621,46071,-0.443809892
2622,46075,-1.169826414
2623,46081,0.450229924
2624,46083,0.505109313
2625,46085,-0.874291552
2626,46089,-0.404260725
2627,46091,-0.164988648
2628,46093,-0.065495549
2629,46095,-1.097598932
2630,46101,-0.433804359
2631,29019,1.544040091
2632,29021,1.109441454
2633,29023,-0.036070674
2634,29029,0.426589062
2635,29031,1.116905626
2636,29033,-0.042916843
2637,29037,1.142831453
2638,29039,0.779345693
2639,29041,0.241755825
2640,29045,-0.130406701
2641,29047,1.051479834
2642,29051,1.01063555
2643,44009,1.196694118
2644,45003,1.038093911
2645,45005,0.190792839
2646,45007,1.159154757
2647,45011,0.116507849
2648,45013,0.940969268
2649,45015,0.912181313
2650,45017,0.347518735
2651,40021,0.52595736
2652,40023,0.213822313
2653,40025,0.929401972
2654,40029,-0.802902901
2655,40031,0.956678742
2656,40033,-0.419463057
2657,40035,-1.047158567
2658,40041,0.116478655
2659,40045,-0.721347409
2660,40047,0.00368035
2661,40049,-0.260028604
2662,40051,-0.054280409
2663,40055,-0.426938599
2664,35013,2.716723911
2665,35019,0.708794628
2666,35021,0.574357918
2667,46103,0.592700378
2668,46105,-0.533875277
2669,46109,0.151265818
2670,46102,-0.825929792
2671,46115,-0.40936354
2672,46117,0.271019475
2673,46119,-0.506143587
2674,46123,-0.81865108
2675,46127,0.012682122
2676,46129,-0.936140421
2677,46135,-0.161417138
2678,47001,0.818427313
2679,47007,0.488335857
2680,47009,1.281498214
2681,53065,1.114852606
2682,53067,1.140784655
2683,53071,1.312082333
2684,53073,1.239818683
2685,53075,1.155283314
2686,53077,1.757200126
2687,54003,0.688504484
2688,54005,-1.384985281
2689,54007,-0.621840951
2690,51009,0.859158984
2691,51011,0.66901332
2692,51015,1.142678595
2693,51017,0.303202156
2694,51019,0.758964905
2695,51021,-0.387058555
2696,51023,1.053376123
2697,51027,0.057419789
2698,51029,0.686883526
2699,51031,0.440775036
2700,54009,-0.963770612
2701,51033,0.734839862
2702,51036,0.747239161
2703,51037,0.341161579
2704,51041,1.027413409
2705,51045,0.208909485
2706,51047,1.026913816
2707,51051,0.168771288
2708,51053,0.408347589
2709,51057,0.653540658
2710,51059,1.106697407
2711,51061,1.266368957
2712,51065,0.922622099
2713,51067,0.73554778
2714,51069,1.009370361
2715,51071,0.677934238
2716,51073,0.691586481
2717,51077,0.551060123
2718,51079,0.456069605
2719,51083,0.752036469
2720,51085,0.77389818
2721,51087,0.915219019
2722,51089,0.283016631
2723,51091,0.298483815
2724,48271,1.857214676
2725,48273,1.620469139
2726,48275,-0.402432186
2727,48277,0.631945603
2728,48283,0.336962255
2729,48285,0.11205523
2730,48287,0.666583501
2731,48289,0.056011352
2732,48295,-0.81064505
2733,48297,1.127587631
2734,48299,1.006224106
2735,48301,-0.694327637
2736,48307,0.368563082
2737,48313,-0.106887819
2738,48315,0.245492717
2739,48319,0.893300872
2740,54011,0.452471823
2741,54015,-0.979993075
2742,54017,-0.560855041
2743,54019,0.685655672
2744,54023,0.851552335
2745,54025,0.286962105
2746,54027,0.190674335
2747,54029,-0.934563444
2748,54031,0.708207737
2749,51093,0.76322954
2750,51095,1.032158718
2751,51099,0.562962059
2752,51101,0.575316375
2753,51103,0.483207254
2754,51105,-0.027412303
2755,51107,1.273787365
2756,51111,0.59935971
2757,51113,0.807283924
2758,51115,-0.022449265
2759,48323,0.618171408
2760,48329,1.123098893
2761,48331,0.299995217
2762,48333,0.170747937
2763,48337,0.133959311
2764,48339,1.20655424
2765,48343,0.234052195
2766,48347,0.920955569
2767,48349,0.562743202
2768,48351,-0.077107088
2769,48355,2.461565125
2770,54035,-0.314831535
2771,54037,1.167744013
2772,54039,0.591525193
2773,54043,-1.055863121
2774,54045,-1.256974264
2775,54049,0.499895291
2776,54051,-0.51862629
2777,54053,0.648082998
2778,54055,0.209144151
2779,51117,0.81462848
2780,51119,0.329877814
2781,51125,0.964140971
2782,51131,1.041694832
2783,51133,0.412246253
2784,51137,0.642364299
2785,51139,0.857788366
2786,51141,0.383704908
2787,51143,0.6996324
2788,51147,0.916128452
2789,51149,0.323511876
2790,51153,1.067356853
2791,51155,0.672005377
2792,48321,1.355940604
2793,48361,0.332213134
2794,48369,-0.55132419
2795,48371,1.091820911
2796,48373,0.230160036
2797,48377,1.686143573
2798,48383,0.17781182
2799,48385,1.073089157
2800,48387,0.111019363
2801,48389,1.086378946
2802,54057,-0.238322287
2803,54063,-0.001575867
2804,54065,0.211947611
2805,54069,-0.184407309
2806,54071,0.563100271
2807,54073,-0.269544784
2808,51157,0.738353011
2809,51161,0.650076796
2810,51163,0.611321653
2811,51165,1.141438207
2812,51167,-0.343259364
2813,51171,0.980891683
2814,51173,0.460513123
2815,51175,0.262912728
2816,51177,0.974360076
2817,51179,1.0553495
2818,51183,0.676073304
2819,48391,1.02703015
2820,48395,0.028157704
2821,48401,0.523680235
2822,48403,0.322107299
2823,48405,-0.034067453
2824,48409,1.578740793
2825,48411,0.924914701
2826,48415,-0.479234417
2827,48419,0.510033343
2828,48421,-0.824880616
2829,54075,0.596037617
2830,54079,0.256861651
2831,54081,0.454699037
2832,54083,0.558561201
2833,54085,-0.159869792
2834,54087,-0.353529221
2835,54091,0.115832085
2836,54093,0.535585164
2837,54095,-0.875341526
2838,54097,-0.532476742
2839,51185,0.512060887
2840,51191,0.132997624
2841,51193,0.669714616
2842,51195,-0.335138643
2843,51199,0.722402012
2844,51510,0.977760309
2845,51520,-0.527711575
2846,51540,0.589047108
2847,51550,0.843893403
2848,51580,-0.595844763
2849,51590,-0.185250585
2850,51600,0.21892758
2851,51620,-0.162582175
2852,51630,0.366116709
2853,51650,0.777269175
2854,51670,-0.48760942
2855,48423,1.109844038
2856,48427,1.624301819
2857,48433,-0.080295076
2858,48435,0.717412115
2859,48439,1.612620364
2860,48443,1.801050112
2861,48447,0.073616678
2862,48449,0.010190864
2863,48451,1.37445254
2864,48453,2.461569605
2865,48457,0.178672398
2866,48459,0.422469372
2867,48463,2.143080466
2868,48465,2.14347193
2869,48469,1.13694054
2870,48471,0.768131554
2871,54099,0.121698779
2872,54103,-0.001966869
2873,54107,0.776597532
2874,54109,-1.094926815
2875,55003,0.22552796
2876,55007,0.420133337
2877,55009,0.727485867
2878,55011,0.139288953
2879,51678,-0.479979803
2880,51680,0.764173247
2881,51685,-0.373605309
2882,51700,0.807185802
2883,51710,0.780878368
2884,51730,-0.319060324
2885,51735,0.006237876
2886,51750,0.60692306
2887,51760,0.942768568
2888,51775,-0.382895494
2889,51790,0.418626217
2890,51800,0.77346106
2891,51810,1.414042091
2892,51840,-0.244371321
2893,53001,0.448811148
2894,53003,0.451732842
2895,53005,0.768917201
2896,53007,1.670113995
2897,48475,-0.566535016
2898,48477,0.692500186
2899,48479,1.353000122
2900,48485,0.393180335
2901,48487,-0.360661068
2902,48489,1.341321829
2903,48493,1.307324334
2904,48495,-0.624128334
2905,48499,0.768273409
2906,48501,-0.703137042
2907,48505,0.886848669
2908,49001,0.942509401
2909,55013,0.455113599
2910,55019,0.108393554
2911,55021,0.705625924
2912,55023,0.135583401
2913,55031,0.12551384
2914,55037,0.131996631
2915,55041,0.208908875
2916,53009,0.954226054
2917,53011,1.370454785
2918,53015,1.192076675
2919,53017,1.210128994
2920,53019,0.829377546
2921,53021,0.569948519
2922,53025,1.246692381
2923,53027,0.819960389
2924,48473,1.279786061
2925,49003,1.134356994
2926,49005,1.110031165
2927,49007,0.228802551
2928,49009,0.383890516
2929,49013,0.65641056
2930,49015,0.714370648
2931,49017,1.54571271
2932,49019,1.509464966
2933,49023,0.73315697
2934,49025,1.27379102
2935,55043,0.647325191
2936,55049,0.831802194
2937,55051,-0.097699383
2938,55055,0.872609223
2939,55057,0.27147672
2940,55059,0.722288636
2941,55061,0.632239628
2942,55063,0.536913836
2943,55069,0.330611845
2944,55071,0.668105494
2945,55077,-0.027900986
2946,55078,-0.736937445
2947,53029,0.622318262
2948,53031,0.798020332
2949,53033,1.38850828
2950,47187,0.843811994
2951,47189,0.620448112
2952,48001,0.21526316
2953,48005,0.659417316
2954,48007,1.516286032
2955,48015,0.564660788
2956,48019,1.791124706
2957,48021,1.328721277
2958,48025,1.123238579
2959,48029,2.535964012
2960,48033,-0.744524613
2961,48035,0.344837395
2962,55079,1.266024739
2963,55083,0.300823774
2964,55087,0.794017639
2965,55089,1.06175411
2966,55091,-0.263326093
2967,55093,0.112655425
2968,55095,0.495331402
2969,55101,0.866048221
2970,55105,0.90200818
2971,55109,0.522085073
2972,48039,1.865010644
2973,48041,1.501384431
2974,48043,3.041748223
2975,48049,0.152224234
2976,48051,0.046184307
2977,48053,1.749771623
2978,48055,0.536052368
2979,48057,1.170953067
2980,55111,0.853970644
2981,55115,0.142112437
2982,55117,0.704622076
2983,55121,0.315777488
2984,55123,0.457008539
2985,55125,0.079315357
2986,55129,0.093317958
2987,55133,1.076763905
2988,55135,0.486164942
2989,55139,0.694598562
2990,55141,0.339513713
2991,56001,1.28183646
2992,56003,0.18784983
2993,56007,0.538776465
2994,56009,0.331039979
2995,56011,0.160754414
2996,56013,1.1115199
2997,5079,-1.067071746
2998,12027,-0.113772295
2999,48067,-0.121544128
3000,48071,1.653535
3001,48073,0.4904444
3002,48077,0.1646578
3003,48083,0.8875047
3004,48085,1.564432
3005,48089,1.054128
3006,48091,1.800953
3007,48095,0.5184848
3008,48097,0.6083117
3009,48103,-0.2384276
3010,48105,1.036097
3011,56017,-0.7966714
3012,56019,0.4028477
3013,56021,1.09247
3014,56023,0.06968975
3015,56027,-0.7253082
3016,56029,0.7429415
3017,56033,0.4831657
3018,56035,0.2362607
3019,56037,0.3621415
3020,56039,0.8788311
3021,56043,0.2450566
3022,8035,1.710273
3023,1083,1.300433
3024,18045,0.1508489
3025,17063,0.6852411
3026,20009,0.2929183
3027,20123,-0.3002975
3028,27003,0.6203422
3029,27109,0.8820433
3030,31003,0.000747626
3031,31119,0.2609782
3032,35009,0.7311758
3033,39175,0.8874955
3034,46035,-0.4089105
3035,47145,0.873523
3036,48045,-0.2792614
3037,48169,-0.4749354
3038,54059,-0.5767832
3039,55029,0.8635529
3040,55119,-0.08446877
3041,20143,-0.4247197
3042,27099,0.1582226
3043,24039,0.6981555
3044,31079,0.229281
3045,28149,0.4670056
3046,37183,1.39036
3047,46037,-0.07841544
3048,48061,2.816509
3049,48109,1.696798
3050,48113,1.778952
3051,48117,-0.4470191
3052,48119,-0.1191642
3053,48123,1.348562
3054,48127,0.1259309
3055,48129,-0.7997229
3056,48133,-0.05964764
3057,48135,-0.4071148
3058,48137,1.32297
3059,48139,0.997532
3060,48141,1.921313
3061,48147,0.6362311
3062,49029,0.6199338
3063,49033,-0.1032178
3064,49035,1.739013
3065,49037,1.338574
3066,49041,0.1243861
3067,49043,1.218659
3068,49045,1.238103
3069,49047,1.227376
3070,49049,1.936142
3071,42033,0.8542274
3072,48177,0.820204
3073,48425,0.3484468
3074,54077,0.9124489
3075,48151,0.3668259
3076,48153,0.9027153
3077,48155,-0.5264669
3078,48157,1.678256
3079,48161,0.5190766
3080,48165,-0.4287442
3081,48167,2.032852
3082,53037,1.722495
3083,53039,1.440065
3084,53041,1.031809
3085,53043,1.296538
3086,53047,1.371231
3087,49051,0.5734721
3088,49055,0.7333861
3089,49057,1.132008
3090,50001,0.7381299
3091,50005,0.2090406
3092,50007,0.8565759
3093,50011,0.3947277
3094,50013,0.1642907
3095,50017,0.3501497
3096,53049,0.7193129
3097,53051,0.5717352
3098,53053,1.230557
3099,53055,0.5548285
3100,53057,1.374534
3101,53061,1.255496
3102,53063,1.185806
3103,50019,0.1923056
3104,50021,0.5893886
3105,50025,0.7544602
3106,50027,0.6473742
3107,51001,1.049311
3108,51005,-0.1790379
3109,51007,0.528572
